"iInventory","Pending","Barcode","WineBarcode","Currency","ExchangeRate","Value","Price","NativePrice","NativePriceCurrency","Size","iWine","Type","Color","Category","Vintage","Wine","Locale","Producer","Varietal","MasterVarietal","Designation","Vineyard","Country","Region","SubRegion","Appellation","Note","StoreName","PurchaseDate","DeliveryDate","PurchaseNote","Location","Bin","BeginConsume","EndConsume","WindowSource","BarcodePrinted","LikeVotes","LikePercent","LikeIt","PNotes","PScore","CNotes","CScore","WA","WABegin","WAEnd","WS","WSBegin","WSEnd","IWC","IWCBegin","IWCEnd","WE","WEBegin","WEEnd","BR","BRBegin","BREnd","GV","GVBegin","GVEnd","LF","LFBegin","LFEnd","JG","JGBegin","JGEnd","LD","LDBegin","LDEnd","CW","CWBegin","CWEnd","SJ","SJBegin","SJEnd","GA","GABegin","GAEnd","WWR","WWRBegin","WWREnd","TT","TTBegin","TTEnd","FP","FPBegin","FPEnd"
"215284291","0","0215284291","W4626912_750ml","USD","1","51.7264","0","0","USD","750ml","4626912","Red","Red","Dry","2021","Alta Nova Cellars Cabernet Sauvignon","USA, California, Napa Valley","Alta Nova Cellars","Cabernet Sauvignon","Cabernet Sauvignon","Unknown","Unknown","USA","California","Napa Valley","Napa Valley","","Unknown","12/27/2025","12/27/2025","","Cellar","","2024","2031","Community Average","1/1/2079","9","1","","","","10","90.4","","","","","","","","","","","","","","","","","","","","","","","","","","","","","","","","","","","","","","","","","","","","",""
"213815721","0","0213815721","W3383639_750ml","USD","1","21.48","0","0","USD","750ml","3383639","Red","Red","Dry","2017","Anderson Family Vineyard Pinot Noir","USA, Oregon, Willamette Valley, Dundee Hills","Anderson Family Vineyard","Pinot Noir","Pinot Noir","Unknown","Unknown","USA","Oregon","Willamette Valley","Dundee Hills","","Unknown","11/26/2025","11/26/2025","","Cellar","","2021","2028","Community Average","1/1/2079","28","0.928571428571429","","","","29","90.962962962963","","","","","","","","","","","","","","","","","","","","","","","","","","","","","","","","","","","","","","","","","","","","",""
"213815678","0","0213815678","W4819112_750ml","USD","1","81.6041","0","0","USD","750ml","4819112","Red","Red","Dry","2022","Archery Summit Pinot Noir Archer's Paradox","USA, Oregon, Willamette Valley, Dundee Hills","Archery Summit","Pinot Noir","Pinot Noir","Archer's Paradox","Unknown","USA","Oregon","Willamette Valley","Dundee Hills","","Unknown","11/26/2025","11/26/2025","","Cellar","","2026","2032","Community Average","1/1/2079","3","1","","","","2","91.5","","","","","","","","","","","","","","","","","","","","","","","","","","","","","","","","","","","","","","","","","","","","",""
"210784935","0","0210784935","W3867348_750ml","USD","1","45.3778","0","0","USD","750ml","3867348","Red","Red","Dry","2019","Au Pied du Mont Chauve Saint-Aubin 1er Cru Le Charmois","France, Burgundy, Cï¿½te de Beaune, Saint-Aubin 1er Cru","Au Pied du Mont Chauve","Pinot Noir","Pinot Noir","Unknown","Le Charmois","France","Burgundy","Cï¿½te de Beaune","Saint-Aubin 1er Cru","","Unknown","9/23/2025","9/23/2025","","Cellar","","2025","2031","Community Average","1/1/2079","0","","","","","2","89","","","","","","","","","","","","","","","","","","","","","","","","","","","","","","","","","","","","","","","","","","","","",""
"210784784","0","0210784784","W4850034_750ml","USD","1","21.8142","0","0","USD","750ml","4850034","Red","Red","Dry","2021","Banshee Cabernet Sauvignon Sonoma County","USA, California, Sonoma County","Banshee","Cabernet Sauvignon","Cabernet Sauvignon","Unknown","Unknown","USA","California","Sonoma County","Sonoma County","","Unknown","9/23/2025","9/23/2025","","Cellar","","2023","2029","Community Average","1/1/2079","6","1","","","","5","85.75","","","","","","","","","","","","","","","","","","","","","","","","","","","","","","","","","","","","","","","","","","","","",""
"210784804","0","0210784804","W4304420_750ml","USD","1","132.3809","0","0","USD","750ml","4304420","Red","Red","Dry","2019","Bell Wine Cellars Cabernet Sauvignon Clone 7","USA, California, Napa Valley, Rutherford","Bell Wine Cellars","Cabernet Sauvignon","Cabernet Sauvignon","Clone 7","Unknown","USA","California","Napa Valley","Rutherford","","Unknown","9/23/2025","9/23/2025","","Cellar","","2024","2032","Community Average","1/1/2079","1","1","","","","1","90","","","","","","","","","","","","","","","","","","","","","","","","","","","","","","","","","","","","","","","","","","","","",""
"213815649","0","0213815649","W5377129_750ml","USD","1","130.4782","0","0","USD","750ml","5377129","Red","Red","Dry","2023","Bergstrï¿½m Pinot Noir Bergstrï¿½m Vineyard","USA, Oregon, Willamette Valley, Dundee Hills","Bergstrï¿½m","Pinot Noir","Pinot Noir","Unknown","Bergstrï¿½m Vineyard","USA","Oregon","Willamette Valley","Dundee Hills","","Unknown","11/26/2025","11/26/2025","","Cellar","","2027","2035","Community Average","1/1/2079","0","","","","","1","92","","","","","","","","","","","","","","","","","","","","","","","","","","","","","","","","","","","","","","","","","","","","",""
"210784249","0","0210784249","W4312858_750ml","USD","1","79.8969","0","0","USD","750ml","4312858","Red","Red","Dry","2021","Chï¿½teau Beychevelle","France, Bordeaux, Mï¿½doc, St. Julien","Chï¿½teau Beychevelle","Red Bordeaux Blend","Red Bordeaux Blend","Unknown","Unknown","France","Bordeaux","Mï¿½doc","St. Julien","","Unknown","9/23/2025","9/23/2025","","Cellar","","2032","2042","Community Average","1/1/2079","10","0.8","","","","22","91.5294117647059","","","","","","","","","","","","","","","","","","","","","","","","","","","","","","","","","","","","","","","","","","","","",""
"213010787","0","0213010787","W5113295_750ml","USD","1","124","0","0","USD","750ml","5113295","White","White","Dry","2022","Pascal Bouchard Chablis Grand Cru Les Clos","France, Burgundy, Chablis, Chablis Grand Cru","Pascal Bouchard","Chardonnay","Chardonnay","Unknown","Les Clos","France","Burgundy","Chablis","Chablis Grand Cru","","Unknown","11/11/2025","11/11/2025","","Cellar","","2027","2035","Community Average","1/1/2079","2","0.5","","","","2","89","","","","","","","","","","","","","","","","","","","","","","","","","","","","","","","","","","","","","","","","","","","","",""
"210784392","0","0210784392","W4312833_750ml","USD","1","75.5699","0","0","USD","750ml","4312833","Red","Red","Dry","2021","Chï¿½teau Brane-Cantenac","France, Bordeaux, Mï¿½doc, Margaux","Chï¿½teau Brane-Cantenac","Red Bordeaux Blend","Red Bordeaux Blend","Unknown","Unknown","France","Bordeaux","Mï¿½doc","Margaux","","Unknown","9/23/2025","9/23/2025","","Cellar","","2027","2045","Community Average","1/1/2079","16","1","","","","30","92.72","","","","","","","","","","","","","","","","","","","","","","","","","","","","","","","","","","","","","","","","","","","","",""
"210785082","0","0210785082","W5322600_750ml","USD","1","23.3967","0","0","USD","750ml","5322600","White","White","Dry","2024","Cantina Terlan Pinot Grigio Tradition","Italy, Trentino-Alto Adige, Alto Adige, Alto Adige - Sï¿½dtirol","Cantina Terlan","Pinot Grigio","Pinot Gris","Tradition","Unknown","Italy","Trentino-Alto Adige","Alto Adige","Alto Adige - Sï¿½dtirol","","Unknown","9/23/2025","9/23/2025","","Cellar","","2025","2028","Community Average","1/1/2079","11","1","","","","13","88.5","","","","","","","","","","","","","","","","","","","","","","","","","","","","","","","","","","","","","","","","","","","","",""
"214853840","0","0214853840","W4986993_750ml","USD","1","46.2028","0","0","USD","750ml","4986993","White","White","Dry","2023","Chï¿½teau Carbonnieux Blanc","France, Bordeaux, Graves, Pessac-Lï¿½ognan","Chï¿½teau Carbonnieux","Sï¿½millon-Sauvignon Blanc Blend","Sï¿½millon-Sauvignon Blanc Blend","Blanc","Unknown","France","Bordeaux","Graves","Pessac-Lï¿½ognan","","Unknown","12/18/2025","12/18/2025","","Cellar","","2025","2034","Community Average","1/1/2079","11","0.909090909090909","","","","13","91.4545454545455","","","","","","","","","","","","","","","","","","","","","","","","","","","","","","","","","","","","","","","","","","","","",""
"213893401","0","0213893401","W3904021_750ml","USD","1","59.3614","0","0","USD","750ml","3904021","Red","Red","Dry","2018","Cave de Tain Hermitage Les Nobles Rives","France, Rhï¿½ne, Northern Rhï¿½ne, Hermitage","Cave de Tain","Syrah","Syrah","Les Nobles Rives","Unknown","France","Rhï¿½ne","Northern Rhï¿½ne","Hermitage","","Unknown","11/28/2025","11/28/2025","","Cellar","","2025","2033","Community Average","1/1/2079","5","1","","","","6","92.2","","","","","","","","","","","","","","","","","","","","","","","","","","","","","","","","","","","","","","","","","","","","",""
"211601390","0","0211601390","W5313126_750ml","USD","1","26.437","0","0","USD","750ml","5313126","Red","Red","Dry","2022","Cave des Vins de Sancerre Comte de la Chevaliï¿½re Rouge","France, Loire Valley, Upper Loire, Sancerre","Cave des Vins de Sancerre","Pinot Noir","Pinot Noir","Comte de la Chevaliï¿½re Rouge","Unknown","France","Loire Valley","Upper Loire","Sancerre","","Unknown","10/13/2025","10/13/2025","","Cellar","","2024","2027","Community Average","1/1/2079","9","1","","","","5","87.8","","","","","","","","","","","","","","","","","","","","","","","","","","","","","","","","","","","","","","","","","","","","",""
"214967556","0","0214967556","W4216979_750ml","USD","1","295.213","0","0","USD","750ml","4216979","White","White","Dry","2020","Domaine Jean-Louis Chave Hermitage Blanc","France, Rhï¿½ne, Northern Rhï¿½ne, Hermitage","Domaine Jean-Louis Chave","White Rhone Blend","White Rhone Blend","Blanc","Unknown","France","Rhï¿½ne","Northern Rhï¿½ne","Hermitage","","Unknown","12/20/2025","12/20/2025","","Cellar","","2028","2043","Community Average","1/1/2079","13","1","","","","17","94.5625","","","","","","","","","","","","","","","","","","","","","","","","","","","","","","","","","","","","","","","","","","","","",""
"211601399","0","0211601399","W3279113_750ml","USD","1","37.7337","0","0","USD","750ml","3279113","Red","Red","Dry","2018","Chï¿½teau Clerc Milon Pastourelle de Clerc Milon","France, Bordeaux, Mï¿½doc, Pauillac","Chï¿½teau Clerc Milon","Red Bordeaux Blend","Red Bordeaux Blend","Pastourelle de Clerc Milon","Unknown","France","Bordeaux","Mï¿½doc","Pauillac","","Unknown","10/13/2025","10/13/2025","","Cellar","","2026","2035","Community Average","1/1/2079","22","0.954545454545455","","","","23","90.3913043478261","","","","","","","","","","","","","","","","","","","","","","","","","","","","","","","","","","","","","","","","","","","","",""
"213065443","0","0213065443","W5280138_750ml","USD","1","68.2483","0","0","USD","750ml","5280138","Red","Red","Dry","2023","Domaine Clos de la Chapelle Beaune 1er Cru Champs Pimont","France, Burgundy, Cï¿½te de Beaune, Beaune 1er Cru","Domaine Clos de la Chapelle","Pinot Noir","Pinot Noir","Unknown","Champs Pimont","France","Burgundy","Cï¿½te de Beaune","Beaune 1er Cru","","Unknown","11/12/2025","11/12/2025","","Cellar","","2033","2075","View From the Cellar","1/1/2079","0","","","","","0","","","","","","","","","","","","","","","","","","","","","","","92","2033","2075","","","","","","","","","","","","","","","","","","","","",""
"210784719","0","0210784719","W5421924_750ml","USD","1","0","0","0","USD","750ml","5421924","Red","Red","Dry","2020","Clos du Mont-Olivet Chï¿½teauneuf-du-Pape Compagnons Inconnus","France, Rhï¿½ne, Southern Rhï¿½ne, Chï¿½teauneuf-du-Pape","Clos du Mont-Olivet","Red Rhone Blend","Red Rhone Blend","Compagnons Inconnus","Unknown","France","Rhï¿½ne","Southern Rhï¿½ne","Chï¿½teauneuf-du-Pape","","Unknown","9/23/2025","9/23/2025","","Cellar","","2028","2040","Community Average","1/1/2079","0","","","","","0","","","","","","","","","","","","","","","","","","","","","","","","","","","","","","","","","","","","","","","","","","","","","",""
"210784871","0","0210784871","W4608570_750ml","USD","1","22.1178","0","0","USD","750ml","4608570","Red","Red","Dry","2021","Bodega Colomï¿½ Malbec Estate","Argentina, Valles Calchaquï¿½es, Salta, Calchaquies","Bodega Colomï¿½","Malbec","Malbec","Estate","Unknown","Argentina","Valles Calchaquï¿½es","Salta","Calchaquies","","Unknown","9/23/2025","9/23/2025","","Cellar","","2024","2031","Community Average","1/1/2079","15","1","","","","21","89.6842105263158","","","","","","","","","","","","","","","","","","","","","","","","","","","","","","","","","","","","","","","","","","","","",""
"213010971","0","0213010971","W5053804_750ml","USD","1","15.7584","0","0","USD","750ml","5053804","Red","Red","Dry","2023","Cantine Colosi Nero d'Avola","Italy, Sicily, Sicilia","Cantine Colosi","Nero d'Avola","Nero d'Avola","Unknown","Unknown","Italy","Sicily","Unknown","Sicilia","","Unknown","11/11/2025","11/11/2025","","Cellar","","2025","2028","Community Average","1/1/2079","12","0.916666666666667","","","","8","91.1666666666667","","","","","","","","","","","","","","","","","","","","","","","","","","","","","","","","","","","","","","","","","","","","",""
"212172277","0","0212172277","W5638200_750ml","USD","1","51.5758","0","0","USD","750ml","5638200","Red","Red","Dry","2019","Cortonesi Brunello di Montalcino La Mannella","Italy, Tuscany, Montalcino, Brunello di Montalcino","Cortonesi","Sangiovese","Sangiovese","Unknown","La Mannella","Italy","Tuscany","Montalcino","Brunello di Montalcino","","Unknown","10/26/2025","10/26/2025","","Cellar","","2026","2042","Community Average","1/1/2079","10","1","","","","13","90.9090909090909","","","","","","","","","","","","","","","","","","","","","","","","","","","","","","","","","","","","","","","","","","","","",""
"211601410","0","0211601410","W3989348_750ml","USD","1","53.6403","0","0","USD","750ml","3989348","Red","Red","Dry","2020","Chï¿½teau Cos d'Estournel Les Pagodes de Cos","France, Bordeaux, Mï¿½doc, St. Estï¿½phe","Chï¿½teau Cos d'Estournel","Red Bordeaux Blend","Red Bordeaux Blend","Les Pagodes de Cos","Unknown","France","Bordeaux","Mï¿½doc","St. Estï¿½phe","","Unknown","10/13/2025","10/13/2025","","Cellar","","2026","2036","Community Average","1/1/2079","11","1","","","","23","91.6818181818182","","","","","","","","","","","","","","","","","","","","","","","","","","","","","","","","","","","","","","","","","","","","",""
"210785189","0","0210785189","W5327300_750ml","USD","1","13.5128","0","0","USD","750ml","5327300","White","White","Dry","2024","d'Autrefois Viognier","France, Languedoc Roussillon, Vin de Pays d'Oc","d'Autrefois","Viognier","Viognier","Unknown","Unknown","France","Languedoc Roussillon","Unknown","Vin de Pays d'Oc","","Unknown","9/23/2025","9/23/2025","","Cellar","","9999","2025","Community Average","1/1/2079","4","0.75","","","","1","89","","","","","","","","","","","","","","","","","","","","","","","","","","","","","","","","","","","","","","","","","","","","",""
"213815755","0","0213815755","W4341235_750ml","USD","1","166.7142","0","0","USD","750ml","4341235","Red","Red","Dry","2021","Dakota Shy Cabernet Sauvignon Moulds Family Vineyard","USA, California, Napa Valley","Dakota Shy","Cabernet Sauvignon","Cabernet Sauvignon","Unknown","Moulds Family Vineyard","USA","California","Napa Valley","Napa Valley","","Unknown","11/26/2025","11/26/2025","","Cellar","","2027","2037","Community Average","1/1/2079","1","1","","","","0","","","","","","","","","","","","","","","","","","","","","","","","","","","","","","","","","","","","","","","","","","","","","",""
"210785226","0","0210785226","W4223807_750ml","USD","1","17.2206","0","0","USD","750ml","4223807","Red","Red","Dry","2020","Dandelion Vineyards Cabernet Sauvignon Pride of the Fleurieu","Australia, South Australia, Fleurieu","Dandelion Vineyards","Cabernet Sauvignon","Cabernet Sauvignon","Pride of the Fleurieu","Unknown","Australia","South Australia","Fleurieu","Fleurieu","","Unknown","9/23/2025","9/23/2025","","Cellar","","2026","2032","Community Average","1/1/2079","4","1","","","","2","87","","","","","","","","","","","","","","","","","","","","","","","","","","","","","","","","","","","","","","","","","","","","",""
"210091956","0","0210091956","W3079955_750ml","USD","1","14.1042","0","0","USD","750ml","3079955","Red","Red","Dry","2016","Dandelion Vineyards Cabernet Sauvignon Pride of the Fleurieu","Australia, South Australia, Fleurieu","Dandelion Vineyards","Cabernet Sauvignon","Cabernet Sauvignon","Pride of the Fleurieu","Unknown","Australia","South Australia","Fleurieu","Fleurieu","","Unknown","9/5/2025","9/5/2025","","Cellar","","2022","2028","Community Average","1/1/2079","0","","","","","0","","","","","","","","","","","","","","","","","","","","","","","","","","","","","","","","","","","","","","","","","","","","","",""
"210785008","0","0210785008","W5264553_750ml","USD","1","23.5604","0","0","USD","750ml","5264553","White","White","Dry","2023","Decoy Chardonnay Limited Sonoma Coast","USA, California, Sonoma County, Sonoma Coast","Decoy","Chardonnay","Chardonnay","Limited","Unknown","USA","California","Sonoma County","Sonoma Coast","","Unknown","9/23/2025","9/23/2025","","Cellar","","2025","2028","Community Average","1/1/2079","3","1","","","","2","86.5","","","","","","","","","","","","","","","","","","","","","","","","","","","","","","","","","","","","","","","","","","","","",""
"212177218","0","0212177218","W5208985_750ml","USD","1","22.5656","0","0","USD","750ml","5208985","White","White","Dry","2024","Dog Point Vineyard Sauvignon Blanc","New Zealand, South Island, Marlborough","Dog Point Vineyard","Sauvignon Blanc","Sauvignon Blanc","Unknown","Unknown","New Zealand","South Island","Marlborough","Marlborough","","Unknown","10/26/2025","10/26/2025","","Cellar","","2024","2032","Community Average","1/1/2079","34","0.941176470588235","","","","33","90.1","","","","","","","","","","","","","","","","","","","","","","","","","","","","","","","","","","","","","","","","","","","","",""
"215466901","0","0215466901","W5027353_750ml","USD","1","201.7293","0","0","USD","750ml","5027353","White - Sparkling","White","Sparkling","2015","Dom Pï¿½rignon Champagne","France, Champagne","Dom Pï¿½rignon","Champagne Blend","Champagne Blend","Unknown","Unknown","France","Champagne","Unknown","Champagne","","Unknown","1/1/2026","1/1/2026","","Cellar","","2025","2043","Community Average","1/1/2079","153","0.947712418300654","","","","187","93.0769230769231","","","","","","","","","","","","","","","","","","","","","","","","","","","","","","","","","","","","","","","","","","","","",""
"210785000","0","0210785000","W5312174_750ml","USD","1","40.4706","0","0","USD","750ml","5312174","Red","Red","Dry","2023","Domaine Drouhin Oregon Pinot Noir","USA, Oregon, Willamette Valley, Dundee Hills","Domaine Drouhin Oregon","Pinot Noir","Pinot Noir","Unknown","Unknown","USA","Oregon","Willamette Valley","Dundee Hills","","Unknown","9/23/2025","9/23/2025","","Cellar","","2026","2031","Community Average","1/1/2079","42","0.976190476190476","","","","29","90","","","","","","","","","","","","","","","","","","","","","","","","","","","","","","","","","","","","","","","","","","","","",""
"213815586","0","0213815586","W4430738_750ml","USD","1","54.7083","0","0","USD","750ml","4430738","Red","Red","Dry","2021","Eminent Domaine Pinot Noir Estate","USA, Oregon, Willamette Valley, Ribbon Ridge","Eminent Domaine","Pinot Noir","Pinot Noir","Estate","Unknown","USA","Oregon","Willamette Valley","Ribbon Ridge","","Unknown","11/26/2025","11/26/2025","","Cellar","","2024","2030","Community Average","1/1/2079","6","1","","","","3","89","","","","","","","","","","","","","","","","","","","","","","","","","","","","","","","","","","","","","","","","","","","","",""
"213815587","0","0213815587","W4430738_750ml","USD","1","54.7083","0","0","USD","750ml","4430738","Red","Red","Dry","2021","Eminent Domaine Pinot Noir Estate","USA, Oregon, Willamette Valley, Ribbon Ridge","Eminent Domaine","Pinot Noir","Pinot Noir","Estate","Unknown","USA","Oregon","Willamette Valley","Ribbon Ridge","","Unknown","11/26/2025","11/26/2025","","Cellar","","2024","2030","Community Average","1/1/2079","6","1","","","","3","89","","","","","","","","","","","","","","","","","","","","","","","","","","","","","","","","","","","","","","","","","","","","",""
"210785157","0","0210785157","W5026227_750ml","USD","1","13.4125","0","0","USD","750ml","5026227","Red","Red","Dry","2021","Evangelos Bagias Charites Cabernet Sauvignon Reserve","USA, California, Central Valley, Lodi","Evangelos Bagias","Cabernet Sauvignon","Cabernet Sauvignon","Charites Cabernet Sauvignon Reserve","Unknown","USA","California","Central Valley","Lodi","","Unknown","9/23/2025","9/23/2025","","Cellar","","2024","2030","Community Average","1/1/2079","3","0.666666666666667","","","","2","89","","","","","","","","","","","","","","","","","","","","","","","","","","","","","","","","","","","","","","","","","","","","",""
"214832863","0","0214832863","W5530209_750ml","USD","1","53.3755","0","0","USD","750ml","5530209","Red","Red","Dry","2023","Faust Cabernet Sauvignon Salvation","USA, California, Napa Valley","Faust","Cabernet Sauvignon","Cabernet Sauvignon","Salvation","Unknown","USA","California","Napa Valley","Napa Valley","","Unknown","12/18/2025","12/18/2025","","Cellar","","2028","2032","Community Average","1/1/2079","4","0.75","","","","0","","","","","","","","","","","","","","","","","","","","","","","","","","","","","","","","","","","","","","","","","","","","","",""
"210091940","0","0210091940","W3541064_750ml","USD","1","50.6869","0","0","USD","750ml","3541064","Red","Red","Dry","2016","Robert Foley Merlot","USA, California, Napa Valley","Robert Foley","Merlot","Merlot","Unknown","Unknown","USA","California","Napa Valley","Napa Valley","","Unknown","9/5/2025","9/5/2025","","Cellar","","2021","2028","Community Average","1/1/2079","7","1","","","","27","92.56","","","","","","","","","","","","","","","","","","","","","","","","","","","","","","","","","","","","","","","","","","","","",""
"210784884","0","0210784884","W3541064_750ml","USD","1","50.6869","0","0","USD","750ml","3541064","Red","Red","Dry","2016","Robert Foley Merlot","USA, California, Napa Valley","Robert Foley","Merlot","Merlot","Unknown","Unknown","USA","California","Napa Valley","Napa Valley","","Unknown","9/23/2025","9/23/2025","","Cellar","","2021","2028","Community Average","1/1/2079","7","1","","","","27","92.56","","","","","","","","","","","","","","","","","","","","","","","","","","","","","","","","","","","","","","","","","","","","",""
"210784965","0","0210784965","W4964268_750ml","USD","1","49.99","0","0","USD","750ml","4964268","Red","Red","Dry","2017","Robert Foley Pinot Noir Hudson Vineyard","USA, California, Napa / Sonoma, Carneros","Robert Foley","Pinot Noir","Pinot Noir","Unknown","Hudson Vineyard","USA","California","Napa / Sonoma","Carneros","","Unknown","9/23/2025","9/23/2025","","Cellar","","2021","2026","Community Average","1/1/2079","4","1","","","","5","89.8","","","","","","","","","","","","","","","","","","","","","","","","","","","","","","","","","","","","","","","","","","","","",""
"213010802","0","0213010802","W4787920_750ml","USD","1","97.83","0","0","USD","750ml","4787920","White","White","Dry","2020","Gabrielle Vivien Chablis Grand Cru Valmur","France, Burgundy, Chablis, Chablis Grand Cru","Gabrielle Vivien","Chardonnay","Chardonnay","Unknown","Valmur","France","Burgundy","Chablis","Chablis Grand Cru","","Unknown","11/11/2025","11/11/2025","","Cellar","","2026","2033","Community Average","1/1/2079","0","","","","","0","","","","","","","","","","","","","","","","","","","","","","","","","","","","","","","","","","","","","","","","","","","","","",""
"214853765","0","0214853765","W5075200_750ml","USD","1","61","0","0","USD","750ml","5075200","White","White","Dry","2021","J. Denuziï¿½re Condrieu Cuvï¿½e Aphrodite","France, Rhï¿½ne, Northern Rhï¿½ne, Condrieu","J. Denuziï¿½re","Viognier","Viognier","Cuvï¿½e Aphrodite","Unknown","France","Rhï¿½ne","Northern Rhï¿½ne","Condrieu","","Unknown","12/18/2025","12/18/2025","","Cellar","","2024","2030","Community Average","1/1/2079","0","","","","","0","","","","","","","","","","","","","","","","","","","","","","","","","","","","","","","","","","","","","","","","","","","","","",""
"215458170","0","0215458170","W5109577_750ml","USD","1","28","0","0","USD","750ml","5109577","White","White","Dry","2022","J.M. Chaland Virï¿½-Clessï¿½ Chazelles","France, Burgundy, Mï¿½connais, Virï¿½-Clessï¿½","J.M. Chaland","Chardonnay","Chardonnay","Chazelles","Unknown","France","Burgundy","Mï¿½connais","Virï¿½-Clessï¿½","","Unknown","1/1/2026","1/1/2026","","Cellar","","2024","2029","Community Average","1/1/2079","0","","","","","0","","","","","","","","","","","","","","","","","","","","","","","","","","","","","","","","","","","","","","","","","","","","","",""
"213903563","0","0213903563","W3538958_750ml","USD","1","44.3946","0","0","USD","750ml","3538958","Red","Red","Dry","2018","Louis Jadot Santenay Clos de Malte","France, Burgundy, Cï¿½te de Beaune, Santenay","Louis Jadot","Pinot Noir","Pinot Noir","Unknown","Clos de Malte","France","Burgundy","Cï¿½te de Beaune","Santenay","","Unknown","11/28/2025","11/28/2025","","Cellar","","2022","2028","Community Average","1/1/2079","4","1","","","","11","89.5","","","","","","","","","","","","","","","","","","","","","","","","","","","","","","","","","","","","","","","","","","","","",""
"210784580","0","0210784580","W3556940_750ml","USD","1","43.3722","0","0","USD","750ml","3556940","Red","Red","Dry","2018","Louis Jadot Santenay Clos des Gatsulards Domaine Gagey","France, Burgundy, Cï¿½te de Beaune, Santenay","Louis Jadot","Pinot Noir","Pinot Noir","Domaine Gagey","Clos des Gatsulards","France","Burgundy","Cï¿½te de Beaune","Santenay","","Unknown","9/23/2025","9/23/2025","","Cellar","","2024","2032","Community Average","1/1/2079","2","0.5","","","","4","89.5","","","","","","","","","","","","","","","","","","","","","","","","","","","","","","","","","","","","","","","","","","","","",""
"210785012","0","0210785012","W5024212_750ml","USD","1","29.7329","0","0","USD","750ml","5024212","White","White","Dry","2023","Jaffurs Viognier","USA, California, Central Coast, Santa Barbara County","Jaffurs","Viognier","Viognier","Unknown","Unknown","USA","California","Central Coast","Santa Barbara County","","Unknown","9/23/2025","9/23/2025","","Cellar","","2024","2027","Community Average","1/1/2079","5","1","","","","2","93","","","","","","","","","","","","","","","","","","","","","","","","","","","","","","","","","","","","","","","","","","","","",""
"217392948","0","0217392948","W4733054_750ml","USD","1","36.5671","0","0","USD","750ml","4733054","Red","Red","Dry","2020","K Vintners Cabernet Sauvignon Stoneridge Vineyard","USA, Washington, Columbia Valley","K Vintners","Cabernet Sauvignon","Cabernet Sauvignon","Unknown","Stoneridge Vineyard","USA","Washington","Columbia Valley","Columbia Valley","","Unknown","2/20/2026","2/20/2026","","Cellar","","2025","2032","Community Average","1/1/2079","1","1","","","","2","93","","","","","","","","","","","","","","","","","","","","","","","","","","","","","","","","","","","","","","","","","","","","",""
"210785199","0","0210785199","W4800777_750ml","USD","1","20.8176","0","0","USD","750ml","4800777","Red","Red","Dry","2021","Kendall-Jackson Cabernet Sauvignon","USA, California","Kendall-Jackson","Cabernet Sauvignon","Cabernet Sauvignon","Unknown","Unknown","USA","California","Unknown","California","","Unknown","9/23/2025","9/23/2025","","Cellar","","2026","2030","Community Average","1/1/2079","0","","","","","0","","","","","","","","","","","","","","","","","","","","","","","","","","","","","","","","","","","","","","","","","","","","","",""
"217392964","0","0217392964","W3566237_750ml","USD","1","67.1803","0","0","USD","750ml","3566237","Red","Red","Dry","2018","L'Aventure Optimus 20th Anniversary","USA, California, Central Coast, Paso Robles Willow Creek District","L'Aventure","Red Blend","Red Blend","Optimus 20th Anniversary","Unknown","USA","California","Central Coast","Paso Robles Willow Creek District","","Unknown","2/20/2026","2/20/2026","","Cellar","","2021","2030","Community Average","1/1/2079","32","1","","","","56","92.375","","","","","","","","","","","","","","","","","","","","","","","","","","","","","","","","","","","","","","","","","","","","",""
"211601933","0","0211601933","W3282717_750ml","USD","1","30.3252","0","0","USD","750ml","3282717","Red","Red","Dry","2018","Chï¿½teau Malartic-Lagraviï¿½re La Rï¿½serve de Malartic","France, Bordeaux, Graves, Pessac-Lï¿½ognan","Chï¿½teau Malartic-Lagraviï¿½re","Red Bordeaux Blend","Red Bordeaux Blend","La Rï¿½serve de Malartic","Unknown","France","Bordeaux","Graves","Pessac-Lï¿½ognan","","Unknown","10/13/2025","10/13/2025","","Cellar","","2023","2030","Community Average","1/1/2079","20","1","","","","27","88.9615384615385","","","","","","","","","","","","","","","","","","","","","","","","","","","","","","","","","","","","","","","","","","","","",""
"212172353","0","0212172353","W4312839_750ml","USD","1","60.4307","0","0","USD","750ml","4312839","Red","Red","Dry","2021","Chï¿½teau Malescot St. Exupï¿½ry","France, Bordeaux, Mï¿½doc, Margaux","Chï¿½teau Malescot St. Exupï¿½ry","Red Bordeaux Blend","Red Bordeaux Blend","Unknown","Unknown","France","Bordeaux","Mï¿½doc","Margaux","","Unknown","10/26/2025","10/26/2025","","Cellar","","2026","2044","Community Average","1/1/2079","11","0.909090909090909","","","","21","91.3529411764706","","","","","","","","","","","","","","","","","","","","","","","","","","","","","","","","","","","","","","","","","","","","",""
"210784658","0","0210784658","W2794331_750ml","USD","1","121.3176","0","0","USD","750ml","2794331","Red","Red","Dry","2014","Marston Family Vineyard Cabernet Sauvignon","USA, California, Napa Valley, Spring Mountain District","Marston Family Vineyard","Cabernet Sauvignon","Cabernet Sauvignon","Unknown","Unknown","USA","California","Napa Valley","Spring Mountain District","","Unknown","9/23/2025","9/23/2025","","Cellar","","2021","2030","Community Average","1/1/2079","4","1","","","","7","91.8571428571429","","","","","","","","","","","","","","","","","","","","","","","","","","","","","","","","","","","","","","","","","","","","",""
"210784831","0","0210784831","W3810095_750ml","USD","1","49.0492","0","0","USD","750ml","3810095","Red","Red","Dry","2019","Masi Amarone della Valpolicella Classico Costasera","Italy, Veneto, Valpolicella, Amarone della Valpolicella Classico","Masi","Corvina Blend","Corvina","Unknown","Costasera","Italy","Veneto","Valpolicella","Amarone della Valpolicella Classico","","Unknown","9/23/2025","9/23/2025","","Cellar","","2026","2037","Community Average","1/1/2079","26","1","","","","22","91.3809523809524","","","","","","","","","","","","","","","","","","","","","","","","","","","","","","","","","","","","","","","","","","","","",""
"211601452","0","0211601452","W5084570_750ml","USD","1","51.9737","0","0","USD","750ml","5084570","Red","Red","Dry","2022","Marchesi Mazzei Castello di Fonterutoli Concerto Toscana IGT","Italy, Tuscany, Toscana IGT","Marchesi Mazzei","SuperTuscan Blend","SuperTuscan Blend","Castello di Fonterutoli Concerto","Unknown","Italy","Tuscany","Unknown","Toscana IGT","","Unknown","10/13/2025","10/13/2025","","Cellar","","2024","2038","Community Average","1/1/2079","5","1","","","","5","93.4","","","","","","","","","","","","","","","","","","","","","","","","","","","","","","","","","","","","","","","","","","","","",""
"210784460","0","0210784460","W4930807_750ml","USD","1","91.1721","0","0","USD","750ml","4930807","Red","Red","Dry","2022","Marchesi Mazzei Castello di Fonterutoli Siepi Toscana IGT","Italy, Tuscany, Toscana IGT","Marchesi Mazzei","SuperTuscan Blend","SuperTuscan Blend","Castello di Fonterutoli","Siepi","Italy","Tuscany","Unknown","Toscana IGT","","Unknown","9/23/2025","9/23/2025","","Cellar","","2027","2041","Community Average","1/1/2079","1","1","","","","4","92.6666666666667","","","","","","","","","","","","","","","","","","","","","","","","","","","","","","","","","","","","","","","","","","","","",""
"210785215","0","0210785215","W4020833_750ml","USD","1","15.745","0","0","USD","750ml","4020833","Red","Red","Dry","2019","Meaghan Hodge and F. Stephen Millier Merlot Cabernet Sauvignon Esmeralda Vineyard","USA, California, Sierra Foothills, Calaveras County","Meaghan Hodge and F. Stephen Millier","Red Bordeaux Blend","Red Bordeaux Blend","Merlot Cabernet Sauvignon","Esmeralda Vineyard","USA","California","Sierra Foothills","Calaveras County","","Unknown","9/23/2025","9/23/2025","","Cellar","","2021","2025","Community Average","1/1/2079","0","","","","","0","","","","","","","","","","","","","","","","","","","","","","","","","","","","","","","","","","","","","","","","","","","","","",""
"213065501","0","0213065501","W5280897_750ml","USD","1","77.0425","0","0","USD","750ml","5280897","White","White","Dry","2023","Moreau-Naudet & Fils Chablis 1er Cru Vaillons","France, Burgundy, Chablis, Chablis 1er Cru","Moreau-Naudet & Fils","Chardonnay","Chardonnay","Unknown","Vaillons","France","Burgundy","Chablis","Chablis 1er Cru","","Unknown","11/12/2025","11/12/2025","","Cellar","","2026","2033","Community Average","1/1/2079","0","","","","","0","","","","","","","","","","","","","","","","","","","","","","","","","","","","","","","","","","","","","","","","","","","","","",""
"213065502","0","0213065502","W5280897_750ml","USD","1","77.0425","0","0","USD","750ml","5280897","White","White","Dry","2023","Moreau-Naudet & Fils Chablis 1er Cru Vaillons","France, Burgundy, Chablis, Chablis 1er Cru","Moreau-Naudet & Fils","Chardonnay","Chardonnay","Unknown","Vaillons","France","Burgundy","Chablis","Chablis 1er Cru","","Unknown","11/12/2025","11/12/2025","","Cellar","","2026","2033","Community Average","1/1/2079","0","","","","","0","","","","","","","","","","","","","","","","","","","","","","","","","","","","","","","","","","","","","","","","","","","","","",""
"214853801","0","0214853801","W4431641_750ml","USD","1","44.0799","0","0","USD","750ml","4431641","White","White","Dry","2022","Chï¿½teau Olivier Blanc","France, Bordeaux, Graves, Pessac-Lï¿½ognan","Chï¿½teau Olivier","Sï¿½millon-Sauvignon Blanc Blend","Sï¿½millon-Sauvignon Blanc Blend","Blanc","Unknown","France","Bordeaux","Graves","Pessac-Lï¿½ognan","","Unknown","12/18/2025","12/18/2025","","Cellar","","2027","2033","Community Average","1/1/2079","1","1","","","","8","91.625","","","","","","","","","","","","","","","","","","","","","","","","","","","","","","","","","","","","","","","","","","","","",""
"211464722","0","0211464722","W5058051_750ml","USD","1","30.7387","0","0","USD","750ml","5058051","Red","Red","Dry","2022","Penfolds Shiraz Bin 28","Australia, South Australia","Penfolds","Shiraz","Syrah","Bin 28","Unknown","Australia","South Australia","Unknown","Unknown","","Unknown","10/10/2025","10/10/2025","","Cellar","","2026","2036","Community Average","1/1/2079","27","0.925925925925926","","","","29","89.0434782608696","","","","","","","","","","","","","","","","","","","","","","","","","","","","","","","","","","","","","","","","","","","","",""
"213010570","0","0213010570","W5379836_750ml","USD","1","54.8338","0","0","USD","750ml","5379836","Red","Red","Dry","2021","Prunotto Barolo","Italy, Piedmont, Langhe, Barolo","Prunotto","Nebbiolo","Nebbiolo","Unknown","Unknown","Italy","Piedmont","Langhe","Barolo","","Unknown","11/11/2025","11/11/2025","","Cellar","","2029","2038","Community Average","1/1/2079","4","1","","","","7","89.5","","","","","","","","","","","","","","","","","","","","","","","","","","","","","","","","","","","","","","","","","","","","",""
"210785177","0","0210785177","W3901253_750ml","USD","1","17.3675","0","0","USD","750ml","3901253","Red","Red","Dry","2019","Quevedo Family Touriga Nacional","Portugal, Douro","Quevedo Family","Touriga Nacional","Touriga Nacional","Unknown","Unknown","Portugal","Douro","Unknown","Douro","","Unknown","9/23/2025","9/23/2025","","Cellar","","2022","2028","Community Average","1/1/2079","9","0.888888888888889","","","","9","87","","","","","","","","","","","","","","","","","","","","","","","","","","","","","","","","","","","","","","","","","","","","",""
"215458162","0","0215458162","W4669920_750ml","USD","1","67.7583","0","0","USD","750ml","4669920","Red","Red","Dry","2021","Giuseppe Quintarelli Primofiore Veneto IGT","Italy, Veneto, Veneto IGT","Giuseppe Quintarelli","Red Blend","Red Blend","Primofiore","Unknown","Italy","Veneto","Unknown","Veneto IGT","","Unknown","1/1/2026","1/1/2026","","Cellar","","2025","2029","Community Average","1/1/2079","8","1","","","","13","92.6363636363636","","","","","","","","","","","","","","","","","","","","","","","","","","","","","","","","","","","","","","","","","","","","",""
"215458163","0","0215458163","W4669920_750ml","USD","1","67.7583","0","0","USD","750ml","4669920","Red","Red","Dry","2021","Giuseppe Quintarelli Primofiore Veneto IGT","Italy, Veneto, Veneto IGT","Giuseppe Quintarelli","Red Blend","Red Blend","Primofiore","Unknown","Italy","Veneto","Unknown","Veneto IGT","","Unknown","1/1/2026","1/1/2026","","Cellar","","2025","2029","Community Average","1/1/2079","8","1","","","","13","92.6363636363636","","","","","","","","","","","","","","","","","","","","","","","","","","","","","","","","","","","","","","","","","","","","",""
"215458164","0","0215458164","W4669920_750ml","USD","1","67.7583","0","0","USD","750ml","4669920","Red","Red","Dry","2021","Giuseppe Quintarelli Primofiore Veneto IGT","Italy, Veneto, Veneto IGT","Giuseppe Quintarelli","Red Blend","Red Blend","Primofiore","Unknown","Italy","Veneto","Unknown","Veneto IGT","","Unknown","1/1/2026","1/1/2026","","Cellar","","2025","2029","Community Average","1/1/2079","8","1","","","","13","92.6363636363636","","","","","","","","","","","","","","","","","","","","","","","","","","","","","","","","","","","","","","","","","","","","",""
"211154425","0","0211154425","W5297527_750ml","USD","1","23.5524","0","0","USD","750ml","5297527","Rosï¿½","Rosï¿½","Dry","2024","Red Car Rosï¿½ of Pinot Noir","USA, California, Sonoma County, Sonoma Coast","Red Car","Pinot Noir","Pinot Noir","Rosï¿½ of Pinot Noir","Unknown","USA","California","Sonoma County","Sonoma Coast","","Unknown","10/2/2025","10/2/2025","","Cellar","","2026","2027","Community Average","1/1/2079","9","1","","","","7","90.4285714285714","","","","","","","","","","","","","","","","","","","","","","","","","","","","","","","","","","","","","","","","","","","","",""
"213893536","0","0213893536","W4145613_750ml","USD","1","92.7274","0","0","USD","750ml","4145613","Red","Red","Dry","2015","La Rioja Alta Rioja 904 Gran Reserva 'Selecciï¿½n Especial'","Spain, La Rioja, La Rioja Alta, Rioja","La Rioja Alta","Tempranillo Blend","Tempranillo","904 Gran Reserva 'Selecciï¿½n Especial'","Unknown","Spain","La Rioja","La Rioja Alta","Rioja","","Unknown","11/28/2025","11/28/2025","","Cellar","","2023","2085","View From the Cellar","1/1/2079","212","1","","","","232","93.5509259259259","","","","","","","","","","","","","","","","","","","","","","95+","2023","2085","","","","","","","","","","","","","","","","","","","","",""
"213893827","0","0213893827","W4710404_750ml","USD","1","49.4987","0","0","USD","750ml","4710404","Red","Red","Dry","2016","Rocca Felice Barolo Riserva","Italy, Piedmont, Langhe, Barolo","Rocca Felice","Nebbiolo","Nebbiolo","Riserva","Unknown","Italy","Piedmont","Langhe","Barolo","","Unknown","11/28/2025","11/28/2025","","Cellar","","2025","2034","Community Average","1/1/2079","1","1","","","","0","","","","","","","","","","","","","","","","","","","","","","","","","","","","","","","","","","","","","","","","","","","","","",""
"210784639","0","0210784639","W4069799_750ml","USD","1","94.5708","0","0","USD","750ml","4069799","Red","Red","Dry","2018","Silver Oak Cabernet Sauvignon Alexander Valley","USA, California, Sonoma County, Alexander Valley","Silver Oak","Cabernet Sauvignon","Cabernet Sauvignon","Unknown","Unknown","USA","California","Sonoma County","Alexander Valley","","Unknown","9/23/2025","9/23/2025","","Cellar","","2024","2034","Community Average","1/1/2079","77","0.961038961038961","","","","100","91.6333333333333","","","","","","","","","","","","","","","","","","","","","","","","","","","","","","","","","","","","","","","","","","","","",""
"210785118","0","0210785118","W4877135_750ml","USD","1","41.6096","0","0","USD","750ml","4877135","White","White","Dry","2022","Sinegal Sauvignon Blanc","USA, California, Napa Valley","Sinegal","Sauvignon Blanc","Sauvignon Blanc","Unknown","Unknown","USA","California","Napa Valley","Napa Valley","","Unknown","9/23/2025","9/23/2025","","Cellar","","2024","2027","Community Average","1/1/2079","4","1","","","","2","88.5","","","","","","","","","","","","","","","","","","","","","","","","","","","","","","","","","","","","","","","","","","","","",""
"210784970","0","0210784970","W4812576_750ml","USD","1","38.8988","0","0","USD","750ml","4812576","Red","Red","Dry","2022","Sokol Blosser Pinot Noir Kalita Vineyard","USA, Oregon, Willamette Valley, Yamhill-Carlton","Sokol Blosser","Pinot Noir","Pinot Noir","Unknown","Kalita Vineyard","USA","Oregon","Willamette Valley","Yamhill-Carlton","","Unknown","9/23/2025","9/23/2025","","Cellar","","2025","2030","Community Average","1/1/2079","12","1","","","","14","91.3076923076923","","","","","","","","","","","","","","","","","","","","","","","","","","","","","","","","","","","","","","","","","","","","",""
"212177182","0","0212177182","W4917384_750ml","USD","1","49.9096","0","0","USD","750ml","4917384","Red","Red","Dry","2021","Stags' Leap Winery The Investor","USA, California, Napa Valley","Stags' Leap Winery","Red Blend","Red Blend","The Investor","Unknown","USA","California","Napa Valley","Napa Valley","","Unknown","10/26/2025","10/26/2025","","Cellar","","2025","2034","Community Average","1/1/2079","21","0.904761904761905","","","","16","89.125","","","","","","","","","","","","","","","","","","","","","","","","","","","","","","","","","","","","","","","","","","","","",""
"213815561","0","0213815561","W5113408_750ml","USD","1","97.7891","0","0","USD","750ml","5113408","Red","Red","Dry","2022","The Eyrie Vineyards Pinot Noir Daphne Vineyard","USA, Oregon, Willamette Valley, Dundee Hills","The Eyrie Vineyards","Pinot Noir","Pinot Noir","Unknown","Daphne Vineyard","USA","Oregon","Willamette Valley","Dundee Hills","","Unknown","11/26/2025","11/26/2025","","Cellar","","2029","2039","Community Average","1/1/2079","0","","","","","0","","","","","","","","","","","","","","","","","","","","","","","","","","","","","","","","","","","","","","","","","","","","","",""
"210784213","0","0210784213","W4312925_750ml","USD","1","85.3213","0","0","USD","750ml","4312925","Red","Red","Dry","2021","Chï¿½teau Troplong Mondot","France, Bordeaux, Libournais, St. ï¿½milion Grand Cru","Chï¿½teau Troplong Mondot","Red Bordeaux Blend","Red Bordeaux Blend","Unknown","Unknown","France","Bordeaux","Libournais","St. ï¿½milion Grand Cru","","Unknown","9/23/2025","9/23/2025","","Cellar","","2027","2046","Community Average","1/1/2079","7","1","","","","12","93.1","","","","","","","","","","","","","","","","","","","","","","","","","","","","","","","","","","","","","","","","","","","","",""
"215466992","0","0215466992","W0000422_750ml","USD","1","57.384","0","0","USD","750ml","422","White - Sparkling","White","Sparkling","1001","Veuve Clicquot Champagne Brut","France, Champagne","Veuve Clicquot","Champagne Blend","Champagne Blend","Brut","Unknown","France","Champagne","Unknown","Champagne","","Unknown","1/1/2026","1/1/2026","","Cellar","","2017","2030","View From the Cellar","1/1/2079","1535","0.960912052117264","","","","4304","89.2192061459667","","","","","","","","","","","","","","","","89","","","","","","89+","2017","2030","","","","85-87","","","","","","","","","","","","","","","","",""
"217982582","0","0217982582","W0000422_750ml","USD","1","57.384","0","0","USD","750ml","422","White - Sparkling","White","Sparkling","1001","Veuve Clicquot Champagne Brut","France, Champagne","Veuve Clicquot","Champagne Blend","Champagne Blend","Brut","Unknown","France","Champagne","Unknown","Champagne","","Unknown","3/8/2026","3/8/2026","","Cellar","","2017","2030","View From the Cellar","1/1/2079","1535","0.960912052117264","","","","4304","89.2192061459667","","","","","","","","","","","","","","","","89","","","","","","89+","2017","2030","","","","85-87","","","","","","","","","","","","","","","","",""
"213065525","0","0213065525","W5265699_750ml","USD","1","86.7077","0","0","USD","750ml","5265699","White","White","Dry","2022","A. et P. de Villaine Rully 1er Cru Rabourcï¿½ Blanc","France, Burgundy, Cï¿½te Chalonnaise, Rully 1er Cru","A. et P. de Villaine","Chardonnay","Chardonnay","Blanc","Rabourcï¿½","France","Burgundy","Cï¿½te Chalonnaise","Rully 1er Cru","","Unknown","11/12/2025","11/12/2025","","Cellar","","2026","2033","Community Average","1/1/2079","1","1","","","","2","90.5","","","","","","","","","","","","","","","","","","","","","","","","","","","","","","","","","","","","","","","","","","","","",""
"213065526","0","0213065526","W5265699_750ml","USD","1","86.7077","0","0","USD","750ml","5265699","White","White","Dry","2022","A. et P. de Villaine Rully 1er Cru Rabourcï¿½ Blanc","France, Burgundy, Cï¿½te Chalonnaise, Rully 1er Cru","A. et P. de Villaine","Chardonnay","Chardonnay","Blanc","Rabourcï¿½","France","Burgundy","Cï¿½te Chalonnaise","Rully 1er Cru","","Unknown","11/12/2025","11/12/2025","","Cellar","","2026","2033","Community Average","1/1/2079","1","1","","","","2","90.5","","","","","","","","","","","","","","","","","","","","","","","","","","","","","","","","","","","","","","","","","","","","",""
"210784984","0","0210784984","W4416790_750ml","USD","1","77.375","0","0","USD","750ml","4416790","Red","Red","Dry","2018","Vincent Christopher Pinot Noir Walala Vineyard","USA, California, Sonoma County, Sonoma Coast","Vincent Christopher","Pinot Noir","Pinot Noir","Unknown","Walala Vineyard","USA","California","Sonoma County","Sonoma Coast","","Unknown","9/23/2025","9/23/2025","","Cellar","","2021","2028","Community Average","1/1/2079","2","1","","","","1","91","","","","","","","","","","","","","","","","","","","","","","","","","","","","","","","","","","","","","","","","","","","","",""
"213894212","0","0213894212","W5418055_750ml","USD","1","28.6215","0","0","USD","750ml","5418055","White","White","Dry","2023","Winzer Krems Grï¿½ner Veltliner Ried Kremser Wachtberg","Austria, Niederï¿½sterreich, Kremstal","Winzer Krems","Grï¿½ner Veltliner","Grï¿½ner Veltliner","Ried","Kremser Wachtberg","Austria","Niederï¿½sterreich","Kremstal","Unknown","","Unknown","11/28/2025","11/28/2025","","Cellar","","2024","2030","Community Average","1/1/2079","0","","","","","0","","","","","","","","","","","","","","","","","","","","","","","","","","","","","","","","","","","","","","","","","","","","","",""
